{
  "total_races": 190,
  "avg_exacta": 489.2458756001424,
  "avg_trifecta": 7089.9318086059775,
  "avg_superfecta": 90767.65568152053,
  "big_upset_count": 34
}